<vib version="5.0"><type>bootbank</type><name>#fOEMTarget#</name><version>1.0</version><vendor>OEM</vendor><summary>#fOEMShort# / #fOEMTarget#</summary><description>#fOEMShort#, slipstreamed as #fOEMTarget# by ESXi-Customizer</description><release-date>2011-01-01T00:00:00.000000+00:00</release-date><urls/><relationships><depends><constraint name="vmkapi_2_0_0_0"/><constraint name="com.vmware.driverAPI-9.2.0.0"/></depends><conflicts/><replaces/><provides/><compatibleWith/></relationships><software-tags><tag>driver</tag><tag>module</tag></software-tags><system-requires><maintenance-mode>true</maintenance-mode></system-requires><file-list></file-list><acceptance-level>community</acceptance-level><live-install-allowed>false</live-install-allowed><live-remove-allowed>false</live-remove-allowed><cimom-restart>false</cimom-restart><stateless-ready>false</stateless-ready><overlay>false</overlay><payloads><payload name="#fOEMTarget#" type="tgz"></payload></payloads></vib>